model,corruption,severity,support_n,metric,value,clean_reference,absolute_delta,development_only
Donut CORD v2,clean,clean,10,content_presence_recall,0.9298319327731093,0.9298319327731093,0.0,True
Donut CORD v2,clean,clean,10,critical_content_presence_recall,0.9,0.9,0.0,True
Donut CORD v2,clean,clean,10,latency_seconds,3.014131043999896,3.014131043999896,0.0,True
Donut CORD v2,clean,clean,10,leaf_f1,0.9221396250808016,0.9221396250808016,0.0,True
Donut CORD v2,gaussian_blur,low,10,content_presence_recall,0.9000700280112045,0.9298319327731093,-0.029761904761904767,True
Donut CORD v2,gaussian_blur,low,10,critical_content_presence_recall,0.875,0.9,-0.025000000000000022,True
Donut CORD v2,gaussian_blur,low,10,latency_seconds,2.157709271100157,3.014131043999896,-0.856421772899739,True
Donut CORD v2,gaussian_blur,low,10,leaf_f1,0.8572128851540616,0.9221396250808016,-0.06492673992674003,True
Donut CORD v2,gaussian_blur,high,10,content_presence_recall,0.7072128851540617,0.9298319327731093,-0.2226190476190476,True
Donut CORD v2,gaussian_blur,high,10,critical_content_presence_recall,0.7,0.9,-0.20000000000000007,True
Donut CORD v2,gaussian_blur,high,10,latency_seconds,1.8848954619000324,3.014131043999896,-1.1292355820998636,True
Donut CORD v2,gaussian_blur,high,10,leaf_f1,0.7072128851540617,0.9221396250808016,-0.21492673992673994,True
Donut CORD v2,rotation,low,10,content_presence_recall,0.9441176470588235,0.9298319327731093,0.014285714285714235,True
Donut CORD v2,rotation,low,10,critical_content_presence_recall,0.9,0.9,0.0,True
Donut CORD v2,rotation,low,10,latency_seconds,1.9260769180999886,3.014131043999896,-1.0880541258999075,True
Donut CORD v2,rotation,low,10,leaf_f1,0.896498599439776,0.9221396250808016,-0.02564102564102566,True
Donut CORD v2,rotation,high,10,content_presence_recall,0.9441176470588235,0.9298319327731093,0.014285714285714235,True
Donut CORD v2,rotation,high,10,critical_content_presence_recall,0.9,0.9,0.0,True
Donut CORD v2,rotation,high,10,latency_seconds,2.3239721730999916,3.014131043999896,-0.6901588708999045,True
Donut CORD v2,rotation,high,10,leaf_f1,0.8749447147279964,0.9221396250808016,-0.04719491035280521,True
Donut CORD v2,downsampling,low,10,content_presence_recall,0.9143557422969187,0.9298319327731093,-0.015476190476190532,True
Donut CORD v2,downsampling,low,10,critical_content_presence_recall,0.875,0.9,-0.025000000000000022,True
Donut CORD v2,downsampling,low,10,latency_seconds,1.9253817348002484,3.014131043999896,-1.0887493091996476,True
Donut CORD v2,downsampling,low,10,leaf_f1,0.8714985994397759,0.9221396250808016,-0.05064102564102568,True
Donut CORD v2,downsampling,high,10,content_presence_recall,0.8757843137254901,0.9298319327731093,-0.05404761904761912,True
Donut CORD v2,downsampling,high,10,critical_content_presence_recall,0.875,0.9,-0.025000000000000022,True
Donut CORD v2,downsampling,high,10,latency_seconds,1.9888484524999512,3.014131043999896,-1.0252825914999448,True
Donut CORD v2,downsampling,high,10,leaf_f1,0.8334033613445379,0.9221396250808016,-0.08873626373626375,True
Donut CORD v2,jpeg,low,10,content_presence_recall,0.9298319327731093,0.9298319327731093,0.0,True
Donut CORD v2,jpeg,low,10,critical_content_presence_recall,0.875,0.9,-0.025000000000000022,True
Donut CORD v2,jpeg,low,10,latency_seconds,2.4721545131999845,3.014131043999896,-0.5419765307999116,True
Donut CORD v2,jpeg,low,10,leaf_f1,0.8869747899159663,0.9221396250808016,-0.03516483516483526,True
Donut CORD v2,jpeg,high,10,content_presence_recall,0.9055462184873949,0.9298319327731093,-0.024285714285714355,True
Donut CORD v2,jpeg,high,10,critical_content_presence_recall,0.9,0.9,0.0,True
Donut CORD v2,jpeg,high,10,latency_seconds,1.7111681297000358,3.014131043999896,-1.3029629142998602,True
Donut CORD v2,jpeg,high,10,leaf_f1,0.8688140033341272,0.9221396250808016,-0.053325621746674434,True
Donut CORD v2,contrast,low,10,content_presence_recall,0.9298319327731093,0.9298319327731093,0.0,True
Donut CORD v2,contrast,low,10,critical_content_presence_recall,0.875,0.9,-0.025000000000000022,True
Donut CORD v2,contrast,low,10,latency_seconds,2.4968391755000083,3.014131043999896,-0.5172918684998877,True
Donut CORD v2,contrast,low,10,leaf_f1,0.8869747899159663,0.9221396250808016,-0.03516483516483526,True
Donut CORD v2,contrast,high,10,content_presence_recall,0.8914985994397759,0.9298319327731093,-0.03833333333333333,True
Donut CORD v2,contrast,high,10,critical_content_presence_recall,0.86,0.9,-0.040000000000000036,True
Donut CORD v2,contrast,high,10,latency_seconds,2.154649968300055,3.014131043999896,-0.8594810756998412,True
Donut CORD v2,contrast,high,10,leaf_f1,0.8191851234420894,0.9221396250808016,-0.10295450163871223,True
Donut CORD v2,occlusion,low,10,content_presence_recall,0.8823529411764706,0.9298319327731093,-0.04747899159663871,True
Donut CORD v2,occlusion,low,10,critical_content_presence_recall,0.9,0.9,0.0,True
Donut CORD v2,occlusion,low,10,latency_seconds,2.0264156834999993,3.014131043999896,-0.9877153604998967,True
Donut CORD v2,occlusion,low,10,leaf_f1,0.817957042957043,0.9221396250808016,-0.10418258212375864,True
Donut CORD v2,occlusion,high,10,content_presence_recall,0.6831372549019608,0.9298319327731093,-0.24669467787114852,True
Donut CORD v2,occlusion,high,10,critical_content_presence_recall,0.68,0.9,-0.21999999999999997,True
Donut CORD v2,occlusion,high,10,latency_seconds,1.9475503432999175,3.014131043999896,-1.0665807006999786,True
Donut CORD v2,occlusion,high,10,leaf_f1,0.5751848151848151,0.9221396250808016,-0.3469548098959865,True
PaddleOCR-VL-1.6-0.9B,clean,clean,10,content_presence_recall,0.9131652661064426,0.9131652661064426,0.0,True
PaddleOCR-VL-1.6-0.9B,clean,clean,10,critical_content_presence_recall,0.875,0.875,0.0,True
PaddleOCR-VL-1.6-0.9B,clean,clean,10,latency_seconds,10.155651752199628,10.155651752199628,0.0,True
PaddleOCR-VL-1.6-0.9B,gaussian_blur,low,10,content_presence_recall,0.863598166539343,0.9131652661064426,-0.04956709956709959,True
PaddleOCR-VL-1.6-0.9B,gaussian_blur,low,10,critical_content_presence_recall,0.8,0.875,-0.07499999999999996,True
PaddleOCR-VL-1.6-0.9B,gaussian_blur,low,10,latency_seconds,10.230123680799807,10.155651752199628,0.07447192860017893,True
PaddleOCR-VL-1.6-0.9B,gaussian_blur,high,10,content_presence_recall,0.8620448179271709,0.9131652661064426,-0.05112044817927164,True
PaddleOCR-VL-1.6-0.9B,gaussian_blur,high,10,critical_content_presence_recall,0.8607142857142858,0.875,-0.014285714285714235,True
PaddleOCR-VL-1.6-0.9B,gaussian_blur,high,10,latency_seconds,8.556011541500448,10.155651752199628,-1.5996402106991798,True
PaddleOCR-VL-1.6-0.9B,rotation,low,10,content_presence_recall,0.8556149732620321,0.9131652661064426,-0.05755029284441049,True
PaddleOCR-VL-1.6-0.9B,rotation,low,10,critical_content_presence_recall,0.7535714285714286,0.875,-0.12142857142857144,True
PaddleOCR-VL-1.6-0.9B,rotation,low,10,latency_seconds,7.900402230299915,10.155651752199628,-2.255249521899713,True
PaddleOCR-VL-1.6-0.9B,rotation,high,10,content_presence_recall,0.8718487394957983,0.9131652661064426,-0.04131652661064422,True
PaddleOCR-VL-1.6-0.9B,rotation,high,10,critical_content_presence_recall,0.7785714285714286,0.875,-0.09642857142857142,True
PaddleOCR-VL-1.6-0.9B,rotation,high,10,latency_seconds,8.860341892600264,10.155651752199628,-1.2953098595993637,True
PaddleOCR-VL-1.6-0.9B,downsampling,low,10,content_presence_recall,0.9060224089635854,0.9131652661064426,-0.0071428571428571175,True
PaddleOCR-VL-1.6-0.9B,downsampling,low,10,critical_content_presence_recall,0.875,0.875,0.0,True
PaddleOCR-VL-1.6-0.9B,downsampling,low,10,latency_seconds,9.21247758619993,10.155651752199628,-0.9431741659996984,True
PaddleOCR-VL-1.6-0.9B,downsampling,high,10,content_presence_recall,0.8631652661064426,0.9131652661064426,-0.04999999999999993,True
PaddleOCR-VL-1.6-0.9B,downsampling,high,10,critical_content_presence_recall,0.825,0.875,-0.050000000000000044,True
PaddleOCR-VL-1.6-0.9B,downsampling,high,10,latency_seconds,9.58212365340005,10.155651752199628,-0.5735280987995779,True
PaddleOCR-VL-1.6-0.9B,jpeg,low,10,content_presence_recall,0.8429271708683473,0.9131652661064426,-0.07023809523809521,True
PaddleOCR-VL-1.6-0.9B,jpeg,low,10,critical_content_presence_recall,0.775,0.875,-0.09999999999999998,True
PaddleOCR-VL-1.6-0.9B,jpeg,low,10,latency_seconds,8.982687061999787,10.155651752199628,-1.1729646901998407,True
PaddleOCR-VL-1.6-0.9B,jpeg,high,10,content_presence_recall,0.8766934046345811,0.9131652661064426,-0.03647186147186143,True
PaddleOCR-VL-1.6-0.9B,jpeg,high,10,critical_content_presence_recall,0.8,0.875,-0.07499999999999996,True
PaddleOCR-VL-1.6-0.9B,jpeg,high,10,latency_seconds,8.645628404300078,10.155651752199628,-1.5100233478995495,True
PaddleOCR-VL-1.6-0.9B,contrast,low,10,content_presence_recall,0.8429271708683473,0.9131652661064426,-0.07023809523809521,True
PaddleOCR-VL-1.6-0.9B,contrast,low,10,critical_content_presence_recall,0.775,0.875,-0.09999999999999998,True
PaddleOCR-VL-1.6-0.9B,contrast,low,10,latency_seconds,8.119317631300145,10.155651752199628,-2.0363341208994825,True
PaddleOCR-VL-1.6-0.9B,contrast,high,10,content_presence_recall,0.869550547491724,0.9131652661064426,-0.04361471861471855,True
PaddleOCR-VL-1.6-0.9B,contrast,high,10,critical_content_presence_recall,0.8,0.875,-0.07499999999999996,True
PaddleOCR-VL-1.6-0.9B,contrast,high,10,latency_seconds,9.887417707299937,10.155651752199628,-0.2682340448996907,True
PaddleOCR-VL-1.6-0.9B,occlusion,low,10,content_presence_recall,0.8529411764705882,0.9131652661064426,-0.06022408963585435,True
PaddleOCR-VL-1.6-0.9B,occlusion,low,10,critical_content_presence_recall,0.8035714285714286,0.875,-0.0714285714285714,True
PaddleOCR-VL-1.6-0.9B,occlusion,low,10,latency_seconds,8.442031541299912,10.155651752199628,-1.713620210899716,True
PaddleOCR-VL-1.6-0.9B,occlusion,high,10,content_presence_recall,0.6922281639928699,0.9131652661064426,-0.22093710211357265,True
PaddleOCR-VL-1.6-0.9B,occlusion,high,10,critical_content_presence_recall,0.7,0.875,-0.17500000000000004,True
PaddleOCR-VL-1.6-0.9B,occlusion,high,10,latency_seconds,7.4952675601998635,10.155651752199628,-2.660384191999764,True
