document_id,corruption,severity,critical_content_presence_recall,critical_proxy_error,leaf_f1,risk_score,analysis_scope,risk_increase_from_source_clean
cord-v2-validation-00001,clean,clean,1.0,0,1.0,0.23653790533514427,RISK_SENSITIVITY_PROXY_NOT_END_TO_END_INFERENCE,0.0
cord-v2-validation-00001,gaussian_blur,low,1.0,0,1.0,0.39916261792623675,RISK_SENSITIVITY_PROXY_NOT_END_TO_END_INFERENCE,0.16262471259109249
cord-v2-validation-00001,gaussian_blur,high,1.0,0,1.0,0.39916261792623675,RISK_SENSITIVITY_PROXY_NOT_END_TO_END_INFERENCE,0.16262471259109249
cord-v2-validation-00001,rotation,low,1.0,0,1.0,0.23653790533514427,RISK_SENSITIVITY_PROXY_NOT_END_TO_END_INFERENCE,0.0
cord-v2-validation-00001,rotation,high,1.0,0,1.0,0.23653790533514427,RISK_SENSITIVITY_PROXY_NOT_END_TO_END_INFERENCE,0.0
cord-v2-validation-00001,downsampling,low,1.0,0,1.0,0.39916261792623675,RISK_SENSITIVITY_PROXY_NOT_END_TO_END_INFERENCE,0.16262471259109249
cord-v2-validation-00001,downsampling,high,1.0,0,1.0,0.39916261792623675,RISK_SENSITIVITY_PROXY_NOT_END_TO_END_INFERENCE,0.16262471259109249
cord-v2-validation-00001,jpeg,low,1.0,0,1.0,0.23653790533514427,RISK_SENSITIVITY_PROXY_NOT_END_TO_END_INFERENCE,0.0
cord-v2-validation-00001,jpeg,high,1.0,0,1.0,0.23653790533514427,RISK_SENSITIVITY_PROXY_NOT_END_TO_END_INFERENCE,0.0
cord-v2-validation-00001,contrast,low,1.0,0,1.0,0.23653790533514427,RISK_SENSITIVITY_PROXY_NOT_END_TO_END_INFERENCE,0.0
cord-v2-validation-00001,contrast,high,1.0,0,1.0,0.19426202330867598,RISK_SENSITIVITY_PROXY_NOT_END_TO_END_INFERENCE,-0.04227588202646829
cord-v2-validation-00001,occlusion,low,1.0,0,1.0,0.23653790533514427,RISK_SENSITIVITY_PROXY_NOT_END_TO_END_INFERENCE,0.0
cord-v2-validation-00001,occlusion,high,0.0,1,0.4,0.23653790533514427,RISK_SENSITIVITY_PROXY_NOT_END_TO_END_INFERENCE,0.0
cord-v2-validation-00005,clean,clean,1.0,0,0.923076923076923,0.26196756913358904,RISK_SENSITIVITY_PROXY_NOT_END_TO_END_INFERENCE,0.0
cord-v2-validation-00005,gaussian_blur,low,0.75,1,0.42857142857142855,0.26196756913358904,RISK_SENSITIVITY_PROXY_NOT_END_TO_END_INFERENCE,0.0
cord-v2-validation-00005,gaussian_blur,high,0.0,1,0,0.26196756913358904,RISK_SENSITIVITY_PROXY_NOT_END_TO_END_INFERENCE,0.0
cord-v2-validation-00005,rotation,low,1.0,0,0.6666666666666666,0.26196756913358904,RISK_SENSITIVITY_PROXY_NOT_END_TO_END_INFERENCE,0.0
cord-v2-validation-00005,rotation,high,1.0,0,0.5714285714285714,0.4944572870970085,RISK_SENSITIVITY_PROXY_NOT_END_TO_END_INFERENCE,0.23248971796341944
cord-v2-validation-00005,downsampling,low,0.75,1,0.5714285714285714,0.26196756913358904,RISK_SENSITIVITY_PROXY_NOT_END_TO_END_INFERENCE,0.0
cord-v2-validation-00005,downsampling,high,0.75,1,0.42857142857142855,0.26196756913358904,RISK_SENSITIVITY_PROXY_NOT_END_TO_END_INFERENCE,0.0
cord-v2-validation-00005,jpeg,low,0.75,1,0.5714285714285714,0.26196756913358904,RISK_SENSITIVITY_PROXY_NOT_END_TO_END_INFERENCE,0.0
cord-v2-validation-00005,jpeg,high,1.0,0,0.6153846153846153,0.26196756913358904,RISK_SENSITIVITY_PROXY_NOT_END_TO_END_INFERENCE,0.0
cord-v2-validation-00005,contrast,low,0.75,1,0.5714285714285714,0.26196756913358904,RISK_SENSITIVITY_PROXY_NOT_END_TO_END_INFERENCE,0.0
cord-v2-validation-00005,contrast,high,1.0,0,0.30769230769230765,0.26196756913358904,RISK_SENSITIVITY_PROXY_NOT_END_TO_END_INFERENCE,0.0
cord-v2-validation-00005,occlusion,low,1.0,0,0.923076923076923,0.4944572870970085,RISK_SENSITIVITY_PROXY_NOT_END_TO_END_INFERENCE,0.23248971796341944
cord-v2-validation-00005,occlusion,high,1.0,0,0.5714285714285714,0.4944572870970085,RISK_SENSITIVITY_PROXY_NOT_END_TO_END_INFERENCE,0.23248971796341944
cord-v2-validation-00009,clean,clean,0.0,1,0.5,0.39916261792623675,RISK_SENSITIVITY_PROXY_NOT_END_TO_END_INFERENCE,0.0
cord-v2-validation-00009,gaussian_blur,low,0.0,1,0.5,0.39916261792623675,RISK_SENSITIVITY_PROXY_NOT_END_TO_END_INFERENCE,0.0
cord-v2-validation-00009,gaussian_blur,high,0.0,1,0.5,0.39916261792623675,RISK_SENSITIVITY_PROXY_NOT_END_TO_END_INFERENCE,0.0
cord-v2-validation-00009,rotation,low,0.0,1,0.5,0.39916261792623675,RISK_SENSITIVITY_PROXY_NOT_END_TO_END_INFERENCE,0.0
cord-v2-validation-00009,rotation,high,0.0,1,0.5,0.39916261792623675,RISK_SENSITIVITY_PROXY_NOT_END_TO_END_INFERENCE,0.0
cord-v2-validation-00009,downsampling,low,0.0,1,0.5,0.39916261792623675,RISK_SENSITIVITY_PROXY_NOT_END_TO_END_INFERENCE,0.0
cord-v2-validation-00009,downsampling,high,0.0,1,0.5,0.39916261792623675,RISK_SENSITIVITY_PROXY_NOT_END_TO_END_INFERENCE,0.0
cord-v2-validation-00009,jpeg,low,0.0,1,0.5,0.39916261792623675,RISK_SENSITIVITY_PROXY_NOT_END_TO_END_INFERENCE,0.0
cord-v2-validation-00009,jpeg,high,0.0,1,0.5,0.39916261792623675,RISK_SENSITIVITY_PROXY_NOT_END_TO_END_INFERENCE,0.0
cord-v2-validation-00009,contrast,low,0.0,1,0.5,0.39916261792623675,RISK_SENSITIVITY_PROXY_NOT_END_TO_END_INFERENCE,0.0
cord-v2-validation-00009,contrast,high,0.0,1,0.5,0.39916261792623675,RISK_SENSITIVITY_PROXY_NOT_END_TO_END_INFERENCE,0.0
cord-v2-validation-00009,occlusion,low,0.0,1,0.3636363636363636,0.39916261792623675,RISK_SENSITIVITY_PROXY_NOT_END_TO_END_INFERENCE,0.0
cord-v2-validation-00009,occlusion,high,0.0,1,0.5,0.39916261792623675,RISK_SENSITIVITY_PROXY_NOT_END_TO_END_INFERENCE,0.0
cord-v2-validation-00012,clean,clean,1.0,0,1.0,0.19426202330867598,RISK_SENSITIVITY_PROXY_NOT_END_TO_END_INFERENCE,0.0
cord-v2-validation-00012,gaussian_blur,low,1.0,0,1.0,0.19426202330867598,RISK_SENSITIVITY_PROXY_NOT_END_TO_END_INFERENCE,0.0
cord-v2-validation-00012,gaussian_blur,high,1.0,0,1.0,0.19426202330867598,RISK_SENSITIVITY_PROXY_NOT_END_TO_END_INFERENCE,0.0
cord-v2-validation-00012,rotation,low,1.0,0,1.0,0.19426202330867598,RISK_SENSITIVITY_PROXY_NOT_END_TO_END_INFERENCE,0.0
cord-v2-validation-00012,rotation,high,1.0,0,1.0,0.19426202330867598,RISK_SENSITIVITY_PROXY_NOT_END_TO_END_INFERENCE,0.0
cord-v2-validation-00012,downsampling,low,1.0,0,1.0,0.19426202330867598,RISK_SENSITIVITY_PROXY_NOT_END_TO_END_INFERENCE,0.0
cord-v2-validation-00012,downsampling,high,1.0,0,1.0,0.19426202330867598,RISK_SENSITIVITY_PROXY_NOT_END_TO_END_INFERENCE,0.0
cord-v2-validation-00012,jpeg,low,1.0,0,1.0,0.19426202330867598,RISK_SENSITIVITY_PROXY_NOT_END_TO_END_INFERENCE,0.0
cord-v2-validation-00012,jpeg,high,1.0,0,1.0,0.19426202330867598,RISK_SENSITIVITY_PROXY_NOT_END_TO_END_INFERENCE,0.0
cord-v2-validation-00012,contrast,low,1.0,0,1.0,0.19426202330867598,RISK_SENSITIVITY_PROXY_NOT_END_TO_END_INFERENCE,0.0
cord-v2-validation-00012,contrast,high,1.0,0,1.0,0.19426202330867598,RISK_SENSITIVITY_PROXY_NOT_END_TO_END_INFERENCE,0.0
cord-v2-validation-00012,occlusion,low,1.0,0,0.7142857142857143,0.19426202330867598,RISK_SENSITIVITY_PROXY_NOT_END_TO_END_INFERENCE,0.0
cord-v2-validation-00012,occlusion,high,1.0,0,0.8,0.19426202330867598,RISK_SENSITIVITY_PROXY_NOT_END_TO_END_INFERENCE,0.0
cord-v2-validation-00006,clean,clean,1.0,0,1.0,0.19426202330867598,RISK_SENSITIVITY_PROXY_NOT_END_TO_END_INFERENCE,0.0
cord-v2-validation-00006,gaussian_blur,low,1.0,0,1.0,0.19426202330867598,RISK_SENSITIVITY_PROXY_NOT_END_TO_END_INFERENCE,0.0
cord-v2-validation-00006,gaussian_blur,high,1.0,0,1.0,0.19426202330867598,RISK_SENSITIVITY_PROXY_NOT_END_TO_END_INFERENCE,0.0
cord-v2-validation-00006,rotation,low,1.0,0,1.0,0.19426202330867598,RISK_SENSITIVITY_PROXY_NOT_END_TO_END_INFERENCE,0.0
cord-v2-validation-00006,rotation,high,1.0,0,1.0,0.39916261792623675,RISK_SENSITIVITY_PROXY_NOT_END_TO_END_INFERENCE,0.20490059461756077
cord-v2-validation-00006,downsampling,low,1.0,0,1.0,0.19426202330867598,RISK_SENSITIVITY_PROXY_NOT_END_TO_END_INFERENCE,0.0
cord-v2-validation-00006,downsampling,high,1.0,0,1.0,0.19426202330867598,RISK_SENSITIVITY_PROXY_NOT_END_TO_END_INFERENCE,0.0
cord-v2-validation-00006,jpeg,low,1.0,0,1.0,0.19426202330867598,RISK_SENSITIVITY_PROXY_NOT_END_TO_END_INFERENCE,0.0
cord-v2-validation-00006,jpeg,high,1.0,0,1.0,0.19426202330867598,RISK_SENSITIVITY_PROXY_NOT_END_TO_END_INFERENCE,0.0
cord-v2-validation-00006,contrast,low,1.0,0,1.0,0.19426202330867598,RISK_SENSITIVITY_PROXY_NOT_END_TO_END_INFERENCE,0.0
cord-v2-validation-00006,contrast,high,1.0,0,1.0,0.19426202330867598,RISK_SENSITIVITY_PROXY_NOT_END_TO_END_INFERENCE,0.0
cord-v2-validation-00006,occlusion,low,1.0,0,1.0,0.19426202330867598,RISK_SENSITIVITY_PROXY_NOT_END_TO_END_INFERENCE,0.0
cord-v2-validation-00006,occlusion,high,0.0,1,0.2727272727272727,0.39916261792623675,RISK_SENSITIVITY_PROXY_NOT_END_TO_END_INFERENCE,0.20490059461756077
cord-v2-validation-00007,clean,clean,1.0,0,0.8571428571428572,0.7032395642690323,RISK_SENSITIVITY_PROXY_NOT_END_TO_END_INFERENCE,0.0
cord-v2-validation-00007,gaussian_blur,low,1.0,0,0.8571428571428572,0.7032395642690323,RISK_SENSITIVITY_PROXY_NOT_END_TO_END_INFERENCE,0.0
cord-v2-validation-00007,gaussian_blur,high,0.0,1,0,0.7032395642690323,RISK_SENSITIVITY_PROXY_NOT_END_TO_END_INFERENCE,0.0
cord-v2-validation-00007,rotation,low,1.0,0,0.8571428571428572,0.7032395642690323,RISK_SENSITIVITY_PROXY_NOT_END_TO_END_INFERENCE,0.0
cord-v2-validation-00007,rotation,high,1.0,0,0.7368421052631577,0.7032395642690323,RISK_SENSITIVITY_PROXY_NOT_END_TO_END_INFERENCE,0.0
cord-v2-validation-00007,downsampling,low,1.0,0,0.8571428571428572,0.7032395642690323,RISK_SENSITIVITY_PROXY_NOT_END_TO_END_INFERENCE,0.0
cord-v2-validation-00007,downsampling,high,1.0,0,0.761904761904762,0.7032395642690323,RISK_SENSITIVITY_PROXY_NOT_END_TO_END_INFERENCE,0.0
cord-v2-validation-00007,jpeg,low,1.0,0,0.8571428571428572,0.7032395642690323,RISK_SENSITIVITY_PROXY_NOT_END_TO_END_INFERENCE,0.0
cord-v2-validation-00007,jpeg,high,1.0,0,0.631578947368421,0.7032395642690323,RISK_SENSITIVITY_PROXY_NOT_END_TO_END_INFERENCE,0.0
cord-v2-validation-00007,contrast,low,1.0,0,0.8571428571428572,0.7032395642690323,RISK_SENSITIVITY_PROXY_NOT_END_TO_END_INFERENCE,0.0
cord-v2-validation-00007,contrast,high,0.6,1,0.5263157894736842,0.7032395642690323,RISK_SENSITIVITY_PROXY_NOT_END_TO_END_INFERENCE,0.0
cord-v2-validation-00007,occlusion,low,1.0,0,0.8571428571428572,0.7032395642690323,RISK_SENSITIVITY_PROXY_NOT_END_TO_END_INFERENCE,0.0
cord-v2-validation-00007,occlusion,high,1.0,0,0.5,0.7032395642690323,RISK_SENSITIVITY_PROXY_NOT_END_TO_END_INFERENCE,0.0
cord-v2-validation-00013,clean,clean,1.0,0,1.0,0.19426202330867598,RISK_SENSITIVITY_PROXY_NOT_END_TO_END_INFERENCE,0.0
cord-v2-validation-00013,gaussian_blur,low,1.0,0,1.0,0.19426202330867598,RISK_SENSITIVITY_PROXY_NOT_END_TO_END_INFERENCE,0.0
cord-v2-validation-00013,gaussian_blur,high,1.0,0,1.0,0.19426202330867598,RISK_SENSITIVITY_PROXY_NOT_END_TO_END_INFERENCE,0.0
cord-v2-validation-00013,rotation,low,1.0,0,1.0,0.19426202330867598,RISK_SENSITIVITY_PROXY_NOT_END_TO_END_INFERENCE,0.0
cord-v2-validation-00013,rotation,high,1.0,0,1.0,0.19426202330867598,RISK_SENSITIVITY_PROXY_NOT_END_TO_END_INFERENCE,0.0
cord-v2-validation-00013,downsampling,low,1.0,0,1.0,0.19426202330867598,RISK_SENSITIVITY_PROXY_NOT_END_TO_END_INFERENCE,0.0
cord-v2-validation-00013,downsampling,high,1.0,0,1.0,0.19426202330867598,RISK_SENSITIVITY_PROXY_NOT_END_TO_END_INFERENCE,0.0
cord-v2-validation-00013,jpeg,low,1.0,0,1.0,0.19426202330867598,RISK_SENSITIVITY_PROXY_NOT_END_TO_END_INFERENCE,0.0
cord-v2-validation-00013,jpeg,high,1.0,0,1.0,0.19426202330867598,RISK_SENSITIVITY_PROXY_NOT_END_TO_END_INFERENCE,0.0
cord-v2-validation-00013,contrast,low,1.0,0,1.0,0.19426202330867598,RISK_SENSITIVITY_PROXY_NOT_END_TO_END_INFERENCE,0.0
cord-v2-validation-00013,contrast,high,1.0,0,1.0,0.19426202330867598,RISK_SENSITIVITY_PROXY_NOT_END_TO_END_INFERENCE,0.0
cord-v2-validation-00013,occlusion,low,1.0,0,1.0,0.19426202330867598,RISK_SENSITIVITY_PROXY_NOT_END_TO_END_INFERENCE,0.0
cord-v2-validation-00013,occlusion,high,0.8,1,0.6666666666666665,0.19426202330867598,RISK_SENSITIVITY_PROXY_NOT_END_TO_END_INFERENCE,0.0
cord-v2-validation-00018,clean,clean,1.0,0,1.0,0.39916261792623675,RISK_SENSITIVITY_PROXY_NOT_END_TO_END_INFERENCE,0.0
cord-v2-validation-00018,gaussian_blur,low,1.0,0,0.9166666666666666,0.39916261792623675,RISK_SENSITIVITY_PROXY_NOT_END_TO_END_INFERENCE,0.0
cord-v2-validation-00018,gaussian_blur,high,1.0,0,0.9166666666666666,0.39916261792623675,RISK_SENSITIVITY_PROXY_NOT_END_TO_END_INFERENCE,0.0
cord-v2-validation-00018,rotation,low,1.0,0,1.0,0.4605422891057291,RISK_SENSITIVITY_PROXY_NOT_END_TO_END_INFERENCE,0.061379671179492334
cord-v2-validation-00018,rotation,high,1.0,0,1.0,0.4605422891057291,RISK_SENSITIVITY_PROXY_NOT_END_TO_END_INFERENCE,0.061379671179492334
cord-v2-validation-00018,downsampling,low,1.0,0,0.9166666666666666,0.39916261792623675,RISK_SENSITIVITY_PROXY_NOT_END_TO_END_INFERENCE,0.0
cord-v2-validation-00018,downsampling,high,1.0,0,0.9166666666666666,0.39916261792623675,RISK_SENSITIVITY_PROXY_NOT_END_TO_END_INFERENCE,0.0
cord-v2-validation-00018,jpeg,low,1.0,0,1.0,0.39916261792623675,RISK_SENSITIVITY_PROXY_NOT_END_TO_END_INFERENCE,0.0
cord-v2-validation-00018,jpeg,high,1.0,0,1.0,0.39916261792623675,RISK_SENSITIVITY_PROXY_NOT_END_TO_END_INFERENCE,0.0
cord-v2-validation-00018,contrast,low,1.0,0,1.0,0.39916261792623675,RISK_SENSITIVITY_PROXY_NOT_END_TO_END_INFERENCE,0.0
cord-v2-validation-00018,contrast,high,1.0,0,0.9166666666666666,0.39916261792623675,RISK_SENSITIVITY_PROXY_NOT_END_TO_END_INFERENCE,0.0
cord-v2-validation-00018,occlusion,low,1.0,0,1.0,0.39916261792623675,RISK_SENSITIVITY_PROXY_NOT_END_TO_END_INFERENCE,0.0
cord-v2-validation-00018,occlusion,high,1.0,0,1.0,0.39916261792623675,RISK_SENSITIVITY_PROXY_NOT_END_TO_END_INFERENCE,0.0
cord-v2-validation-00008,clean,clean,1.0,0,1.0,0.3976135576990895,RISK_SENSITIVITY_PROXY_NOT_END_TO_END_INFERENCE,0.0
cord-v2-validation-00008,gaussian_blur,low,1.0,0,0.9285714285714286,0.3976135576990895,RISK_SENSITIVITY_PROXY_NOT_END_TO_END_INFERENCE,0.0
cord-v2-validation-00008,gaussian_blur,high,1.0,0,0.7142857142857143,0.339345038349204,RISK_SENSITIVITY_PROXY_NOT_END_TO_END_INFERENCE,-0.05826851934988553
cord-v2-validation-00008,rotation,low,1.0,0,1.0,0.3976135576990895,RISK_SENSITIVITY_PROXY_NOT_END_TO_END_INFERENCE,0.0
cord-v2-validation-00008,rotation,high,1.0,0,1.0,0.3976135576990895,RISK_SENSITIVITY_PROXY_NOT_END_TO_END_INFERENCE,0.0
cord-v2-validation-00008,downsampling,low,1.0,0,0.9285714285714286,0.3976135576990895,RISK_SENSITIVITY_PROXY_NOT_END_TO_END_INFERENCE,0.0
cord-v2-validation-00008,downsampling,high,1.0,0,0.7857142857142857,0.3976135576990895,RISK_SENSITIVITY_PROXY_NOT_END_TO_END_INFERENCE,0.0
cord-v2-validation-00008,jpeg,low,1.0,0,1.0,0.3976135576990895,RISK_SENSITIVITY_PROXY_NOT_END_TO_END_INFERENCE,0.0
cord-v2-validation-00008,jpeg,high,1.0,0,1.0,0.3976135576990895,RISK_SENSITIVITY_PROXY_NOT_END_TO_END_INFERENCE,0.0
cord-v2-validation-00008,contrast,low,1.0,0,1.0,0.3976135576990895,RISK_SENSITIVITY_PROXY_NOT_END_TO_END_INFERENCE,0.0
cord-v2-validation-00008,contrast,high,1.0,0,1.0,0.3976135576990895,RISK_SENSITIVITY_PROXY_NOT_END_TO_END_INFERENCE,0.0
cord-v2-validation-00008,occlusion,low,1.0,0,0.5714285714285714,0.3976135576990895,RISK_SENSITIVITY_PROXY_NOT_END_TO_END_INFERENCE,0.0
cord-v2-validation-00008,occlusion,high,1.0,0,0.30769230769230765,0.3976135576990895,RISK_SENSITIVITY_PROXY_NOT_END_TO_END_INFERENCE,0.0
cord-v2-validation-00011,clean,clean,1.0,0,0.9411764705882353,0.19426202330867598,RISK_SENSITIVITY_PROXY_NOT_END_TO_END_INFERENCE,0.0
cord-v2-validation-00011,gaussian_blur,low,1.0,0,0.9411764705882353,0.19426202330867598,RISK_SENSITIVITY_PROXY_NOT_END_TO_END_INFERENCE,0.0
cord-v2-validation-00011,gaussian_blur,high,1.0,0,0.9411764705882353,0.19426202330867598,RISK_SENSITIVITY_PROXY_NOT_END_TO_END_INFERENCE,0.0
cord-v2-validation-00011,rotation,low,1.0,0,0.9411764705882353,0.19426202330867598,RISK_SENSITIVITY_PROXY_NOT_END_TO_END_INFERENCE,0.0
cord-v2-validation-00011,rotation,high,1.0,0,0.9411764705882353,0.19426202330867598,RISK_SENSITIVITY_PROXY_NOT_END_TO_END_INFERENCE,0.0
cord-v2-validation-00011,downsampling,low,1.0,0,0.9411764705882353,0.19426202330867598,RISK_SENSITIVITY_PROXY_NOT_END_TO_END_INFERENCE,0.0
cord-v2-validation-00011,downsampling,high,1.0,0,0.9411764705882353,0.19426202330867598,RISK_SENSITIVITY_PROXY_NOT_END_TO_END_INFERENCE,0.0
cord-v2-validation-00011,jpeg,low,1.0,0,0.9411764705882353,0.19426202330867598,RISK_SENSITIVITY_PROXY_NOT_END_TO_END_INFERENCE,0.0
cord-v2-validation-00011,jpeg,high,1.0,0,0.9411764705882353,0.19426202330867598,RISK_SENSITIVITY_PROXY_NOT_END_TO_END_INFERENCE,0.0
cord-v2-validation-00011,contrast,low,1.0,0,0.9411764705882353,0.19426202330867598,RISK_SENSITIVITY_PROXY_NOT_END_TO_END_INFERENCE,0.0
cord-v2-validation-00011,contrast,high,1.0,0,0.9411764705882353,0.19426202330867598,RISK_SENSITIVITY_PROXY_NOT_END_TO_END_INFERENCE,0.0
cord-v2-validation-00011,occlusion,low,1.0,0,0.7500000000000001,0.19426202330867598,RISK_SENSITIVITY_PROXY_NOT_END_TO_END_INFERENCE,0.0
cord-v2-validation-00011,occlusion,high,1.0,0,0.7333333333333334,0.19426202330867598,RISK_SENSITIVITY_PROXY_NOT_END_TO_END_INFERENCE,0.0
