policy,coverage,selective_risk
raw_confidence,0.01,1.0
raw_confidence,0.02,0.5
raw_confidence,0.03,0.3333333333333333
raw_confidence,0.04,0.25
raw_confidence,0.05,0.4
raw_confidence,0.06,0.3333333333333333
raw_confidence,0.07,0.2857142857142857
raw_confidence,0.08,0.25
raw_confidence,0.09,0.2222222222222222
raw_confidence,0.1,0.2
raw_confidence,0.11,0.18181818181818182
raw_confidence,0.12,0.16666666666666666
raw_confidence,0.13,0.15384615384615385
raw_confidence,0.14,0.14285714285714285
raw_confidence,0.15,0.13333333333333333
raw_confidence,0.16,0.125
raw_confidence,0.17,0.11764705882352941
raw_confidence,0.18,0.1111111111111111
raw_confidence,0.19,0.15789473684210525
raw_confidence,0.2,0.15
raw_confidence,0.21,0.14285714285714285
raw_confidence,0.22,0.18181818181818182
raw_confidence,0.23,0.17391304347826086
raw_confidence,0.24,0.20833333333333334
raw_confidence,0.25,0.24
raw_confidence,0.26,0.23076923076923078
raw_confidence,0.27,0.2222222222222222
raw_confidence,0.28,0.21428571428571427
raw_confidence,0.29,0.2413793103448276
raw_confidence,0.3,0.26666666666666666
raw_confidence,0.31,0.25806451612903225
raw_confidence,0.32,0.25
raw_confidence,0.33,0.2727272727272727
raw_confidence,0.34,0.29411764705882354
raw_confidence,0.35,0.2857142857142857
raw_confidence,0.36,0.3055555555555556
raw_confidence,0.37,0.32432432432432434
raw_confidence,0.38,0.3157894736842105
raw_confidence,0.39,0.3333333333333333
raw_confidence,0.4,0.35
raw_confidence,0.41,0.34146341463414637
raw_confidence,0.42,0.3333333333333333
raw_confidence,0.43,0.3488372093023256
raw_confidence,0.44,0.36363636363636365
raw_confidence,0.45,0.37777777777777777
raw_confidence,0.46,0.3695652173913043
raw_confidence,0.47,0.3829787234042553
raw_confidence,0.48,0.375
raw_confidence,0.49,0.3877551020408163
raw_confidence,0.5,0.4
raw_confidence,0.51,0.4117647058823529
raw_confidence,0.52,0.4230769230769231
raw_confidence,0.53,0.41509433962264153
raw_confidence,0.54,0.42592592592592593
raw_confidence,0.55,0.43636363636363634
raw_confidence,0.56,0.44642857142857145
raw_confidence,0.57,0.43859649122807015
raw_confidence,0.58,0.4482758620689655
raw_confidence,0.59,0.4576271186440678
raw_confidence,0.6,0.4666666666666667
raw_confidence,0.61,0.47540983606557374
raw_confidence,0.62,0.46774193548387094
raw_confidence,0.63,0.47619047619047616
raw_confidence,0.64,0.484375
raw_confidence,0.65,0.49230769230769234
raw_confidence,0.66,0.48484848484848486
raw_confidence,0.67,0.4925373134328358
raw_confidence,0.68,0.5
raw_confidence,0.69,0.5072463768115942
raw_confidence,0.7,0.5142857142857142
raw_confidence,0.71,0.5211267605633803
raw_confidence,0.72,0.5138888888888888
raw_confidence,0.73,0.5205479452054794
raw_confidence,0.74,0.527027027027027
raw_confidence,0.75,0.5333333333333333
raw_confidence,0.76,0.5394736842105263
raw_confidence,0.77,0.5454545454545454
raw_confidence,0.78,0.5512820512820513
raw_confidence,0.79,0.5569620253164557
raw_confidence,0.8,0.5625
raw_confidence,0.81,0.5679012345679012
raw_confidence,0.82,0.573170731707317
raw_confidence,0.83,0.5783132530120482
raw_confidence,0.84,0.5833333333333334
raw_confidence,0.85,0.5882352941176471
raw_confidence,0.86,0.5930232558139535
raw_confidence,0.87,0.5977011494252874
raw_confidence,0.88,0.6022727272727273
raw_confidence,0.89,0.6067415730337079
raw_confidence,0.9,0.6111111111111112
raw_confidence,0.91,0.6153846153846154
raw_confidence,0.92,0.6195652173913043
raw_confidence,0.93,0.6236559139784946
raw_confidence,0.94,0.6276595744680851
raw_confidence,0.95,0.631578947368421
raw_confidence,0.96,0.6354166666666666
raw_confidence,0.97,0.6391752577319587
raw_confidence,0.98,0.6428571428571429
raw_confidence,0.99,0.6464646464646465
raw_confidence,1.0,0.65
calibrated_confidence,0.01,0.0
calibrated_confidence,0.02,0.0
calibrated_confidence,0.03,0.3333333333333333
calibrated_confidence,0.04,0.25
calibrated_confidence,0.05,0.4
calibrated_confidence,0.06,0.3333333333333333
calibrated_confidence,0.07,0.2857142857142857
calibrated_confidence,0.08,0.25
calibrated_confidence,0.09,0.3333333333333333
calibrated_confidence,0.1,0.3
calibrated_confidence,0.11,0.2727272727272727
calibrated_confidence,0.12,0.25
calibrated_confidence,0.13,0.3076923076923077
calibrated_confidence,0.14,0.2857142857142857
calibrated_confidence,0.15,0.26666666666666666
calibrated_confidence,0.16,0.25
calibrated_confidence,0.17,0.23529411764705882
calibrated_confidence,0.18,0.2222222222222222
calibrated_confidence,0.19,0.21052631578947367
calibrated_confidence,0.2,0.2
calibrated_confidence,0.21,0.19047619047619047
calibrated_confidence,0.22,0.18181818181818182
calibrated_confidence,0.23,0.21739130434782608
calibrated_confidence,0.24,0.20833333333333334
calibrated_confidence,0.25,0.24
calibrated_confidence,0.26,0.2692307692307692
calibrated_confidence,0.27,0.2962962962962963
calibrated_confidence,0.28,0.32142857142857145
calibrated_confidence,0.29,0.3103448275862069
calibrated_confidence,0.3,0.3
calibrated_confidence,0.31,0.2903225806451613
calibrated_confidence,0.32,0.3125
calibrated_confidence,0.33,0.3333333333333333
calibrated_confidence,0.34,0.35294117647058826
calibrated_confidence,0.35,0.37142857142857144
calibrated_confidence,0.36,0.3611111111111111
calibrated_confidence,0.37,0.35135135135135137
calibrated_confidence,0.38,0.3684210526315789
calibrated_confidence,0.39,0.38461538461538464
calibrated_confidence,0.4,0.4
calibrated_confidence,0.41,0.3902439024390244
calibrated_confidence,0.42,0.38095238095238093
calibrated_confidence,0.43,0.3953488372093023
calibrated_confidence,0.44,0.38636363636363635
calibrated_confidence,0.45,0.37777777777777777
calibrated_confidence,0.46,0.3695652173913043
calibrated_confidence,0.47,0.3829787234042553
calibrated_confidence,0.48,0.3958333333333333
calibrated_confidence,0.49,0.3877551020408163
calibrated_confidence,0.5,0.4
calibrated_confidence,0.51,0.4117647058823529
calibrated_confidence,0.52,0.4230769230769231
calibrated_confidence,0.53,0.4339622641509434
calibrated_confidence,0.54,0.4444444444444444
calibrated_confidence,0.55,0.43636363636363634
calibrated_confidence,0.56,0.44642857142857145
calibrated_confidence,0.57,0.43859649122807015
calibrated_confidence,0.58,0.4482758620689655
calibrated_confidence,0.59,0.4576271186440678
calibrated_confidence,0.6,0.4666666666666667
calibrated_confidence,0.61,0.47540983606557374
calibrated_confidence,0.62,0.4838709677419355
calibrated_confidence,0.63,0.49206349206349204
calibrated_confidence,0.64,0.5
calibrated_confidence,0.65,0.5076923076923077
calibrated_confidence,0.66,0.5151515151515151
calibrated_confidence,0.67,0.5223880597014925
calibrated_confidence,0.68,0.5147058823529411
calibrated_confidence,0.69,0.5217391304347826
calibrated_confidence,0.7,0.5285714285714286
calibrated_confidence,0.71,0.5211267605633803
calibrated_confidence,0.72,0.5277777777777778
calibrated_confidence,0.73,0.5342465753424658
calibrated_confidence,0.74,0.5405405405405406
calibrated_confidence,0.75,0.5466666666666666
calibrated_confidence,0.76,0.5394736842105263
calibrated_confidence,0.77,0.5454545454545454
calibrated_confidence,0.78,0.5512820512820513
calibrated_confidence,0.79,0.5569620253164557
calibrated_confidence,0.8,0.5625
calibrated_confidence,0.81,0.5679012345679012
calibrated_confidence,0.82,0.573170731707317
calibrated_confidence,0.83,0.5783132530120482
calibrated_confidence,0.84,0.5833333333333334
calibrated_confidence,0.85,0.5882352941176471
calibrated_confidence,0.86,0.5930232558139535
calibrated_confidence,0.87,0.5977011494252874
calibrated_confidence,0.88,0.6022727272727273
calibrated_confidence,0.89,0.6067415730337079
calibrated_confidence,0.9,0.6111111111111112
calibrated_confidence,0.91,0.6153846153846154
calibrated_confidence,0.92,0.6195652173913043
calibrated_confidence,0.93,0.6236559139784946
calibrated_confidence,0.94,0.6276595744680851
calibrated_confidence,0.95,0.631578947368421
calibrated_confidence,0.96,0.6354166666666666
calibrated_confidence,0.97,0.6391752577319587
calibrated_confidence,0.98,0.6428571428571429
calibrated_confidence,0.99,0.6464646464646465
calibrated_confidence,1.0,0.65
model_disagreement,0.01,1.0
model_disagreement,0.02,0.5
model_disagreement,0.03,0.3333333333333333
model_disagreement,0.04,0.5
model_disagreement,0.05,0.6
model_disagreement,0.06,0.6666666666666666
model_disagreement,0.07,0.5714285714285714
model_disagreement,0.08,0.625
model_disagreement,0.09,0.5555555555555556
model_disagreement,0.1,0.6
model_disagreement,0.11,0.5454545454545454
model_disagreement,0.12,0.5
model_disagreement,0.13,0.46153846153846156
model_disagreement,0.14,0.5
model_disagreement,0.15,0.5333333333333333
model_disagreement,0.16,0.5625
model_disagreement,0.17,0.5294117647058824
model_disagreement,0.18,0.5555555555555556
model_disagreement,0.19,0.5789473684210527
model_disagreement,0.2,0.55
model_disagreement,0.21,0.5238095238095238
model_disagreement,0.22,0.5454545454545454
model_disagreement,0.23,0.5652173913043478
model_disagreement,0.24,0.5833333333333334
model_disagreement,0.25,0.6
model_disagreement,0.26,0.6153846153846154
model_disagreement,0.27,0.5925925925925926
model_disagreement,0.28,0.6071428571428571
model_disagreement,0.29,0.6206896551724138
model_disagreement,0.3,0.6333333333333333
model_disagreement,0.31,0.6451612903225806
model_disagreement,0.32,0.625
model_disagreement,0.33,0.6363636363636364
model_disagreement,0.34,0.6470588235294118
model_disagreement,0.35,0.6571428571428571
model_disagreement,0.36,0.6388888888888888
model_disagreement,0.37,0.6486486486486487
model_disagreement,0.38,0.6578947368421053
model_disagreement,0.39,0.6666666666666666
model_disagreement,0.4,0.675
model_disagreement,0.41,0.6585365853658537
model_disagreement,0.42,0.6428571428571429
model_disagreement,0.43,0.6511627906976745
model_disagreement,0.44,0.6590909090909091
model_disagreement,0.45,0.6444444444444445
model_disagreement,0.46,0.6304347826086957
model_disagreement,0.47,0.6382978723404256
model_disagreement,0.48,0.625
model_disagreement,0.49,0.6326530612244898
model_disagreement,0.5,0.64
model_disagreement,0.51,0.6274509803921569
model_disagreement,0.52,0.6346153846153846
model_disagreement,0.53,0.6415094339622641
model_disagreement,0.54,0.6481481481481481
model_disagreement,0.55,0.6363636363636364
model_disagreement,0.56,0.6428571428571429
model_disagreement,0.57,0.6491228070175439
model_disagreement,0.58,0.6551724137931034
model_disagreement,0.59,0.6610169491525424
model_disagreement,0.6,0.65
model_disagreement,0.61,0.639344262295082
model_disagreement,0.62,0.6451612903225806
model_disagreement,0.63,0.6507936507936508
model_disagreement,0.64,0.640625
model_disagreement,0.65,0.6461538461538462
model_disagreement,0.66,0.6515151515151515
model_disagreement,0.67,0.6417910447761194
model_disagreement,0.68,0.6323529411764706
model_disagreement,0.69,0.6231884057971014
model_disagreement,0.7,0.6142857142857143
model_disagreement,0.71,0.6197183098591549
model_disagreement,0.72,0.625
model_disagreement,0.73,0.6301369863013698
model_disagreement,0.74,0.6351351351351351
model_disagreement,0.75,0.6266666666666667
model_disagreement,0.76,0.631578947368421
model_disagreement,0.77,0.6363636363636364
model_disagreement,0.78,0.6282051282051282
model_disagreement,0.79,0.6329113924050633
model_disagreement,0.8,0.625
model_disagreement,0.81,0.6296296296296297
model_disagreement,0.82,0.6219512195121951
model_disagreement,0.83,0.6265060240963856
model_disagreement,0.84,0.6309523809523809
model_disagreement,0.85,0.6352941176470588
model_disagreement,0.86,0.627906976744186
model_disagreement,0.87,0.632183908045977
model_disagreement,0.88,0.6363636363636364
model_disagreement,0.89,0.6404494382022472
model_disagreement,0.9,0.6333333333333333
model_disagreement,0.91,0.6263736263736264
model_disagreement,0.92,0.6304347826086957
model_disagreement,0.93,0.6344086021505376
model_disagreement,0.94,0.6382978723404256
model_disagreement,0.95,0.631578947368421
model_disagreement,0.96,0.6354166666666666
model_disagreement,0.97,0.6391752577319587
model_disagreement,0.98,0.6428571428571429
model_disagreement,0.99,0.6464646464646465
model_disagreement,1.0,0.65
confidence_plus_reconciliation,0.01,1.0
confidence_plus_reconciliation,0.02,0.5
confidence_plus_reconciliation,0.03,0.3333333333333333
confidence_plus_reconciliation,0.04,0.25
confidence_plus_reconciliation,0.05,0.4
confidence_plus_reconciliation,0.06,0.3333333333333333
confidence_plus_reconciliation,0.07,0.2857142857142857
confidence_plus_reconciliation,0.08,0.25
confidence_plus_reconciliation,0.09,0.2222222222222222
confidence_plus_reconciliation,0.1,0.2
confidence_plus_reconciliation,0.11,0.18181818181818182
confidence_plus_reconciliation,0.12,0.16666666666666666
confidence_plus_reconciliation,0.13,0.15384615384615385
confidence_plus_reconciliation,0.14,0.14285714285714285
confidence_plus_reconciliation,0.15,0.13333333333333333
confidence_plus_reconciliation,0.16,0.125
confidence_plus_reconciliation,0.17,0.11764705882352941
confidence_plus_reconciliation,0.18,0.16666666666666666
confidence_plus_reconciliation,0.19,0.15789473684210525
confidence_plus_reconciliation,0.2,0.15
confidence_plus_reconciliation,0.21,0.19047619047619047
confidence_plus_reconciliation,0.22,0.22727272727272727
confidence_plus_reconciliation,0.23,0.21739130434782608
confidence_plus_reconciliation,0.24,0.20833333333333334
confidence_plus_reconciliation,0.25,0.2
confidence_plus_reconciliation,0.26,0.23076923076923078
confidence_plus_reconciliation,0.27,0.25925925925925924
confidence_plus_reconciliation,0.28,0.25
confidence_plus_reconciliation,0.29,0.2413793103448276
confidence_plus_reconciliation,0.3,0.26666666666666666
confidence_plus_reconciliation,0.31,0.2903225806451613
confidence_plus_reconciliation,0.32,0.3125
confidence_plus_reconciliation,0.33,0.3333333333333333
confidence_plus_reconciliation,0.34,0.3235294117647059
confidence_plus_reconciliation,0.35,0.34285714285714286
confidence_plus_reconciliation,0.36,0.3611111111111111
confidence_plus_reconciliation,0.37,0.35135135135135137
confidence_plus_reconciliation,0.38,0.34210526315789475
confidence_plus_reconciliation,0.39,0.358974358974359
confidence_plus_reconciliation,0.4,0.375
confidence_plus_reconciliation,0.41,0.36585365853658536
confidence_plus_reconciliation,0.42,0.38095238095238093
confidence_plus_reconciliation,0.43,0.37209302325581395
confidence_plus_reconciliation,0.44,0.38636363636363635
confidence_plus_reconciliation,0.45,0.4
confidence_plus_reconciliation,0.46,0.41304347826086957
confidence_plus_reconciliation,0.47,0.425531914893617
confidence_plus_reconciliation,0.48,0.4166666666666667
confidence_plus_reconciliation,0.49,0.42857142857142855
confidence_plus_reconciliation,0.5,0.44
confidence_plus_reconciliation,0.51,0.45098039215686275
confidence_plus_reconciliation,0.52,0.4423076923076923
confidence_plus_reconciliation,0.53,0.4528301886792453
confidence_plus_reconciliation,0.54,0.46296296296296297
confidence_plus_reconciliation,0.55,0.4727272727272727
confidence_plus_reconciliation,0.56,0.4642857142857143
confidence_plus_reconciliation,0.57,0.47368421052631576
confidence_plus_reconciliation,0.58,0.4827586206896552
confidence_plus_reconciliation,0.59,0.4915254237288136
confidence_plus_reconciliation,0.6,0.48333333333333334
confidence_plus_reconciliation,0.61,0.4918032786885246
confidence_plus_reconciliation,0.62,0.5
confidence_plus_reconciliation,0.63,0.5079365079365079
confidence_plus_reconciliation,0.64,0.515625
confidence_plus_reconciliation,0.65,0.5230769230769231
confidence_plus_reconciliation,0.66,0.5151515151515151
confidence_plus_reconciliation,0.67,0.5223880597014925
confidence_plus_reconciliation,0.68,0.5294117647058824
confidence_plus_reconciliation,0.69,0.5362318840579711
confidence_plus_reconciliation,0.7,0.5428571428571428
confidence_plus_reconciliation,0.71,0.5492957746478874
confidence_plus_reconciliation,0.72,0.5555555555555556
confidence_plus_reconciliation,0.73,0.5616438356164384
confidence_plus_reconciliation,0.74,0.5675675675675675
confidence_plus_reconciliation,0.75,0.5733333333333334
confidence_plus_reconciliation,0.76,0.5789473684210527
confidence_plus_reconciliation,0.77,0.5844155844155844
confidence_plus_reconciliation,0.78,0.5897435897435898
confidence_plus_reconciliation,0.79,0.5949367088607594
confidence_plus_reconciliation,0.8,0.6
confidence_plus_reconciliation,0.81,0.6049382716049383
confidence_plus_reconciliation,0.82,0.6097560975609756
confidence_plus_reconciliation,0.83,0.6144578313253012
confidence_plus_reconciliation,0.84,0.6190476190476191
confidence_plus_reconciliation,0.85,0.611764705882353
confidence_plus_reconciliation,0.86,0.6046511627906976
confidence_plus_reconciliation,0.87,0.6091954022988506
confidence_plus_reconciliation,0.88,0.6022727272727273
confidence_plus_reconciliation,0.89,0.6067415730337079
confidence_plus_reconciliation,0.9,0.6111111111111112
confidence_plus_reconciliation,0.91,0.6153846153846154
confidence_plus_reconciliation,0.92,0.6195652173913043
confidence_plus_reconciliation,0.93,0.6236559139784946
confidence_plus_reconciliation,0.94,0.6276595744680851
confidence_plus_reconciliation,0.95,0.631578947368421
confidence_plus_reconciliation,0.96,0.6354166666666666
confidence_plus_reconciliation,0.97,0.6391752577319587
confidence_plus_reconciliation,0.98,0.6428571428571429
confidence_plus_reconciliation,0.99,0.6464646464646465
confidence_plus_reconciliation,1.0,0.65
rfdi_composite_risk,0.01,1.0
rfdi_composite_risk,0.02,0.5
rfdi_composite_risk,0.03,0.3333333333333333
rfdi_composite_risk,0.04,0.25
rfdi_composite_risk,0.05,0.4
rfdi_composite_risk,0.06,0.3333333333333333
rfdi_composite_risk,0.07,0.2857142857142857
rfdi_composite_risk,0.08,0.25
rfdi_composite_risk,0.09,0.2222222222222222
rfdi_composite_risk,0.1,0.2
rfdi_composite_risk,0.11,0.18181818181818182
rfdi_composite_risk,0.12,0.25
rfdi_composite_risk,0.13,0.23076923076923078
rfdi_composite_risk,0.14,0.2857142857142857
rfdi_composite_risk,0.15,0.26666666666666666
rfdi_composite_risk,0.16,0.25
rfdi_composite_risk,0.17,0.29411764705882354
rfdi_composite_risk,0.18,0.3333333333333333
rfdi_composite_risk,0.19,0.3157894736842105
rfdi_composite_risk,0.2,0.3
rfdi_composite_risk,0.21,0.2857142857142857
rfdi_composite_risk,0.22,0.3181818181818182
rfdi_composite_risk,0.23,0.34782608695652173
rfdi_composite_risk,0.24,0.375
rfdi_composite_risk,0.25,0.36
rfdi_composite_risk,0.26,0.38461538461538464
rfdi_composite_risk,0.27,0.4074074074074074
rfdi_composite_risk,0.28,0.39285714285714285
rfdi_composite_risk,0.29,0.41379310344827586
rfdi_composite_risk,0.3,0.43333333333333335
rfdi_composite_risk,0.31,0.45161290322580644
rfdi_composite_risk,0.32,0.46875
rfdi_composite_risk,0.33,0.48484848484848486
rfdi_composite_risk,0.34,0.5
rfdi_composite_risk,0.35,0.5142857142857142
rfdi_composite_risk,0.36,0.5277777777777778
rfdi_composite_risk,0.37,0.5405405405405406
rfdi_composite_risk,0.38,0.5526315789473685
rfdi_composite_risk,0.39,0.5641025641025641
rfdi_composite_risk,0.4,0.575
rfdi_composite_risk,0.41,0.5853658536585366
rfdi_composite_risk,0.42,0.5952380952380952
rfdi_composite_risk,0.43,0.6046511627906976
rfdi_composite_risk,0.44,0.5909090909090909
rfdi_composite_risk,0.45,0.5777777777777777
rfdi_composite_risk,0.46,0.5652173913043478
rfdi_composite_risk,0.47,0.5531914893617021
rfdi_composite_risk,0.48,0.5416666666666666
rfdi_composite_risk,0.49,0.5306122448979592
rfdi_composite_risk,0.5,0.52
rfdi_composite_risk,0.51,0.5294117647058824
rfdi_composite_risk,0.52,0.5192307692307693
rfdi_composite_risk,0.53,0.5283018867924528
rfdi_composite_risk,0.54,0.5370370370370371
rfdi_composite_risk,0.55,0.5272727272727272
rfdi_composite_risk,0.56,0.5178571428571429
rfdi_composite_risk,0.57,0.5263157894736842
rfdi_composite_risk,0.58,0.5344827586206896
rfdi_composite_risk,0.59,0.5423728813559322
rfdi_composite_risk,0.6,0.55
rfdi_composite_risk,0.61,0.5409836065573771
rfdi_composite_risk,0.62,0.532258064516129
rfdi_composite_risk,0.63,0.5396825396825397
rfdi_composite_risk,0.64,0.546875
rfdi_composite_risk,0.65,0.5538461538461539
rfdi_composite_risk,0.66,0.5606060606060606
rfdi_composite_risk,0.67,0.5671641791044776
rfdi_composite_risk,0.68,0.5735294117647058
rfdi_composite_risk,0.69,0.5652173913043478
rfdi_composite_risk,0.7,0.5714285714285714
rfdi_composite_risk,0.71,0.5774647887323944
rfdi_composite_risk,0.72,0.5694444444444444
rfdi_composite_risk,0.73,0.5753424657534246
rfdi_composite_risk,0.74,0.581081081081081
rfdi_composite_risk,0.75,0.5866666666666667
rfdi_composite_risk,0.76,0.5921052631578947
rfdi_composite_risk,0.77,0.5844155844155844
rfdi_composite_risk,0.78,0.5897435897435898
rfdi_composite_risk,0.79,0.5949367088607594
rfdi_composite_risk,0.8,0.6
rfdi_composite_risk,0.81,0.6049382716049383
rfdi_composite_risk,0.82,0.6097560975609756
rfdi_composite_risk,0.83,0.6144578313253012
rfdi_composite_risk,0.84,0.6190476190476191
rfdi_composite_risk,0.85,0.6235294117647059
rfdi_composite_risk,0.86,0.6162790697674418
rfdi_composite_risk,0.87,0.6206896551724138
rfdi_composite_risk,0.88,0.625
rfdi_composite_risk,0.89,0.6292134831460674
rfdi_composite_risk,0.9,0.6333333333333333
rfdi_composite_risk,0.91,0.6263736263736264
rfdi_composite_risk,0.92,0.6195652173913043
rfdi_composite_risk,0.93,0.6236559139784946
rfdi_composite_risk,0.94,0.6276595744680851
rfdi_composite_risk,0.95,0.631578947368421
rfdi_composite_risk,0.96,0.6354166666666666
rfdi_composite_risk,0.97,0.6391752577319587
rfdi_composite_risk,0.98,0.6428571428571429
rfdi_composite_risk,0.99,0.6464646464646465
rfdi_composite_risk,1.0,0.65
