document_id,designation,document_has_critical_error,document_has_line_item_critical_error,weighted_critical_loss,R0_raw_confidence_risk,R1_current_heuristic_risk,R4_learned_risk,R4_platt_probability,R4_isotonic_probability,latency_seconds,predicted_line_item_count,reason_codes,reason_code_scope
cord-v2-test-00000,RETROSPECTIVE_LOCKED_BENCHMARK,True,True,0.723404255319149,0.05850362777709961,0.3585036277770996,0.3146414990267551,0.10039823984957541,0.14285714285714285,4.615598874999705,1,foreground_density_below_development_median;missing_discount_above_development_median;sequence_confidence_below_development_median,descriptive median direction for globally important features; not causal
cord-v2-test-00001,RETROSPECTIVE_LOCKED_BENCHMARK,False,False,0.0,0.005645632743835449,0.005645632743835449,0.19426202330867598,0.09746971199715405,0.0,0.37763024599917117,3,foreground_density_above_development_median;missing_discount_above_development_median;sequence_confidence_below_development_median,descriptive median direction for globally important features; not causal
cord-v2-test-00002,RETROSPECTIVE_LOCKED_BENCHMARK,True,True,0.5454545454545454,0.07684981822967529,0.07684981822967529,0.3146414990267551,0.10039823984957541,0.14285714285714285,0.42658379199929186,2,foreground_density_above_development_median;missing_discount_above_development_median;sequence_confidence_below_development_median,descriptive median direction for globally important features; not causal
cord-v2-test-00003,RETROSPECTIVE_LOCKED_BENCHMARK,False,False,0.0,0.0006320476531982422,0.0006320476531982422,0.15712068250091363,0.09658165590951029,0.0,0.3815052829995693,1,foreground_density_above_development_median;missing_discount_above_development_median;sequence_confidence_above_development_median,descriptive median direction for globally important features; not causal
cord-v2-test-00004,RETROSPECTIVE_LOCKED_BENCHMARK,True,False,0.18181818181818182,0.07119983434677124,0.07119983434677124,0.7032395642690323,0.11039092194708565,0.5,0.5671524300014426,3,foreground_density_below_development_median;missing_discount_below_development_median;sequence_confidence_below_development_median,descriptive median direction for globally important features; not causal
cord-v2-test-00005,RETROSPECTIVE_LOCKED_BENCHMARK,False,False,0.0,0.01390230655670166,0.01390230655670166,0.5585025958086206,0.10657106501086847,0.5,0.34191220899811015,1,foreground_density_above_development_median;missing_discount_above_development_median;sequence_confidence_below_development_median,descriptive median direction for globally important features; not causal
cord-v2-test-00006,RETROSPECTIVE_LOCKED_BENCHMARK,False,False,0.0,0.00440216064453125,0.00440216064453125,0.19426202330867598,0.09746971199715405,0.0,0.6557180800009519,3,foreground_density_below_development_median;missing_discount_above_development_median;sequence_confidence_below_development_median,descriptive median direction for globally important features; not causal
cord-v2-test-00007,RETROSPECTIVE_LOCKED_BENCHMARK,True,True,0.3404255319148936,0.0019918084144592285,0.0019918084144592285,0.19426202330867598,0.09746971199715405,0.0,0.5378643189978902,2,foreground_density_below_development_median;missing_discount_above_development_median;sequence_confidence_above_development_median,descriptive median direction for globally important features; not causal
cord-v2-test-00008,RETROSPECTIVE_LOCKED_BENCHMARK,False,False,0.0,0.004000365734100342,0.004000365734100342,0.39916261792623675,0.10250089158891548,0.14285714285714285,0.6169116189994384,1,foreground_density_above_development_median;missing_discount_above_development_median;sequence_confidence_above_development_median,descriptive median direction for globally important features; not causal
cord-v2-test-00009,RETROSPECTIVE_LOCKED_BENCHMARK,False,False,0.11538461538461539,0.01575559377670288,0.01575559377670288,0.4668472275967783,0.10421273178246807,0.2945646754148512,0.30280082799799857,1,foreground_density_below_development_median;missing_discount_above_development_median;sequence_confidence_below_development_median,descriptive median direction for globally important features; not causal
cord-v2-test-00010,RETROSPECTIVE_LOCKED_BENCHMARK,False,False,0.0,0.00012695789337158203,0.00012695789337158203,0.23653790533514427,0.09848939321579031,0.0,0.31383571000333177,1,foreground_density_below_development_median;missing_discount_above_development_median;sequence_confidence_above_development_median,descriptive median direction for globally important features; not causal
cord-v2-test-00011,RETROSPECTIVE_LOCKED_BENCHMARK,False,False,0.0,0.0006428360939025879,0.0006428360939025879,0.39916261792623675,0.10250089158891548,0.14285714285714285,0.3076594939993811,1,foreground_density_above_development_median;missing_discount_above_development_median;sequence_confidence_above_development_median,descriptive median direction for globally important features; not causal
cord-v2-test-00012,RETROSPECTIVE_LOCKED_BENCHMARK,True,True,0.6666666666666666,0.03548508882522583,0.03548508882522583,0.3146414990267551,0.10039823984957541,0.14285714285714285,0.5376217019984324,2,foreground_density_below_development_median;missing_discount_above_development_median;sequence_confidence_below_development_median,descriptive median direction for globally important features; not causal
cord-v2-test-00013,RETROSPECTIVE_LOCKED_BENCHMARK,True,True,0.639344262295082,0.039916276931762695,0.039916276931762695,0.37105057872427183,0.10179724772163075,0.14285714285714285,0.571513947998028,2,foreground_density_below_development_median;missing_discount_above_development_median;sequence_confidence_below_development_median,descriptive median direction for globally important features; not causal
cord-v2-test-00014,RETROSPECTIVE_LOCKED_BENCHMARK,False,False,0.0,0.02658170461654663,0.3265817046165466,0.3146414990267551,0.10039823984957541,0.14285714285714285,1.1092456819969811,6,foreground_density_above_development_median;missing_discount_above_development_median;sequence_confidence_below_development_median,descriptive median direction for globally important features; not causal
cord-v2-test-00015,RETROSPECTIVE_LOCKED_BENCHMARK,False,False,0.0,0.0012038350105285645,0.0012038350105285645,0.39916261792623675,0.10250089158891548,0.14285714285714285,0.40304795100018964,2,foreground_density_above_development_median;missing_discount_above_development_median;sequence_confidence_above_development_median,descriptive median direction for globally important features; not causal
cord-v2-test-00016,RETROSPECTIVE_LOCKED_BENCHMARK,True,True,0.63,0.016689062118530273,0.016689062118530273,0.6191360552058423,0.108156913814518,0.5,0.9501250579996849,4,foreground_density_above_development_median;missing_discount_above_development_median;sequence_confidence_below_development_median,descriptive median direction for globally important features; not causal
cord-v2-test-00017,RETROSPECTIVE_LOCKED_BENCHMARK,True,True,0.2222222222222222,0.04301285743713379,0.04301285743713379,0.8671933558773466,0.11486230218062489,0.5,0.8798966390022542,5,foreground_density_above_development_median;missing_discount_below_development_median;sequence_confidence_below_development_median,descriptive median direction for globally important features; not causal
cord-v2-test-00018,RETROSPECTIVE_LOCKED_BENCHMARK,True,True,0.6944444444444444,0.03299236297607422,0.03299236297607422,0.4668472275967783,0.10421273178246807,0.2945646754148512,0.2456595820003713,1,foreground_density_below_development_median;missing_discount_above_development_median;sequence_confidence_below_development_median,descriptive median direction for globally important features; not causal
cord-v2-test-00019,RETROSPECTIVE_LOCKED_BENCHMARK,True,True,0.3333333333333333,0.028947174549102783,0.32894717454910277,0.5585025958086206,0.10657106501086847,0.5,0.2950820600017323,2,foreground_density_above_development_median;missing_discount_above_development_median;sequence_confidence_below_development_median,descriptive median direction for globally important features; not causal
cord-v2-test-00020,RETROSPECTIVE_LOCKED_BENCHMARK,True,True,0.41025641025641024,0.02884840965270996,0.32884840965270995,0.3146414990267551,0.10039823984957541,0.14285714285714285,0.9600920020020567,5,foreground_density_below_development_median;missing_discount_above_development_median;sequence_confidence_below_development_median,descriptive median direction for globally important features; not causal
cord-v2-test-00021,RETROSPECTIVE_LOCKED_BENCHMARK,False,False,0.0,0.016951799392700195,0.016951799392700195,0.5585025958086206,0.10657106501086847,0.5,0.5391671489996952,2,foreground_density_above_development_median;missing_discount_above_development_median;sequence_confidence_below_development_median,descriptive median direction for globally important features; not causal
cord-v2-test-00022,RETROSPECTIVE_LOCKED_BENCHMARK,False,False,0.0,9.530782699584961e-05,9.530782699584961e-05,0.19426202330867598,0.09746971199715405,0.0,0.5609915019995242,2,foreground_density_below_development_median;missing_discount_above_development_median;sequence_confidence_above_development_median,descriptive median direction for globally important features; not causal
cord-v2-test-00023,RETROSPECTIVE_LOCKED_BENCHMARK,False,False,0.0,2.2709369659423828e-05,2.2709369659423828e-05,0.19426202330867598,0.09746971199715405,0.0,0.43949617099860916,2,foreground_density_above_development_median;missing_discount_above_development_median;sequence_confidence_above_development_median,descriptive median direction for globally important features; not causal
cord-v2-test-00024,RETROSPECTIVE_LOCKED_BENCHMARK,True,True,0.8507462686567164,0.033918142318725586,0.033918142318725586,0.37105057872427183,0.10179724772163075,0.14285714285714285,0.647830325000541,3,foreground_density_below_development_median;missing_discount_above_development_median;sequence_confidence_below_development_median,descriptive median direction for globally important features; not causal
cord-v2-test-00025,RETROSPECTIVE_LOCKED_BENCHMARK,False,False,0.0,1.3172626495361328e-05,1.3172626495361328e-05,0.39916261792623675,0.10250089158891548,0.14285714285714285,0.6264180940015649,3,foreground_density_above_development_median;missing_discount_above_development_median;sequence_confidence_above_development_median,descriptive median direction for globally important features; not causal
cord-v2-test-00026,RETROSPECTIVE_LOCKED_BENCHMARK,True,True,0.3176470588235294,0.017299890518188477,0.017299890518188477,0.4944572870970085,0.10491825535974518,0.3564495562014869,0.8610106229971279,4,foreground_density_above_development_median;missing_discount_above_development_median;sequence_confidence_below_development_median,descriptive median direction for globally important features; not causal
cord-v2-test-00027,RETROSPECTIVE_LOCKED_BENCHMARK,False,False,0.0,0.018355190753936768,0.018355190753936768,0.26196756913358904,0.09910731638318093,0.0,0.5016920759990171,2,foreground_density_above_development_median;missing_discount_above_development_median;sequence_confidence_below_development_median,descriptive median direction for globally important features; not causal
cord-v2-test-00028,RETROSPECTIVE_LOCKED_BENCHMARK,False,False,0.0,0.0003052949905395508,0.30030529499053954,0.5544654899860298,0.10646620626852361,0.4909512758365487,0.7340359090012498,3,foreground_density_above_development_median;missing_discount_below_development_median;sequence_confidence_above_development_median,descriptive median direction for globally important features; not causal
cord-v2-test-00029,RETROSPECTIVE_LOCKED_BENCHMARK,False,False,0.0,0.00046950578689575195,0.00046950578689575195,0.23653790533514427,0.09848939321579031,0.0,1.5550145609995525,6,foreground_density_above_development_median;missing_discount_above_development_median;sequence_confidence_above_development_median,descriptive median direction for globally important features; not causal
cord-v2-test-00030,RETROSPECTIVE_LOCKED_BENCHMARK,False,False,0.0,0.00013571977615356445,0.00013571977615356445,0.15712068250091363,0.09658165590951029,0.0,0.3671476769995934,1,foreground_density_below_development_median;missing_discount_above_development_median;sequence_confidence_above_development_median,descriptive median direction for globally important features; not causal
cord-v2-test-00031,RETROSPECTIVE_LOCKED_BENCHMARK,False,False,0.0,0.00024569034576416016,0.30024569034576415,0.39916261792623675,0.10250089158891548,0.14285714285714285,0.6377603719993203,2,foreground_density_above_development_median;missing_discount_above_development_median;sequence_confidence_above_development_median,descriptive median direction for globally important features; not causal
cord-v2-test-00032,RETROSPECTIVE_LOCKED_BENCHMARK,False,False,0.0,0.014436721801757812,0.014436721801757812,0.5585025958086206,0.10657106501086847,0.5,0.5299506720002682,1,foreground_density_above_development_median;missing_discount_above_development_median;sequence_confidence_below_development_median,descriptive median direction for globally important features; not causal
cord-v2-test-00033,RETROSPECTIVE_LOCKED_BENCHMARK,False,False,0.0,0.00033473968505859375,0.3003347396850586,0.23653790533514427,0.09848939321579031,0.0,0.7841820209978323,3,foreground_density_below_development_median;missing_discount_above_development_median;sequence_confidence_above_development_median,descriptive median direction for globally important features; not causal
cord-v2-test-00034,RETROSPECTIVE_LOCKED_BENCHMARK,True,True,0.17777777777777778,0.0018012523651123047,0.0018012523651123047,0.23653790533514427,0.09848939321579031,0.0,0.5633046440016187,2,foreground_density_below_development_median;missing_discount_above_development_median;sequence_confidence_above_development_median,descriptive median direction for globally important features; not causal
cord-v2-test-00035,RETROSPECTIVE_LOCKED_BENCHMARK,False,False,0.0,8.52346420288086e-05,8.52346420288086e-05,0.19426202330867598,0.09746971199715405,0.0,0.8778073390021746,4,foreground_density_below_development_median;missing_discount_above_development_median;sequence_confidence_above_development_median,descriptive median direction for globally important features; not causal
cord-v2-test-00036,RETROSPECTIVE_LOCKED_BENCHMARK,False,False,0.0,0.001156628131866455,0.001156628131866455,0.19426202330867598,0.09746971199715405,0.0,0.5426698760020372,1,foreground_density_below_development_median;missing_discount_above_development_median;sequence_confidence_above_development_median,descriptive median direction for globally important features; not causal
cord-v2-test-00037,RETROSPECTIVE_LOCKED_BENCHMARK,True,False,0.47619047619047616,1.2099742889404297e-05,1.2099742889404297e-05,0.19426202330867598,0.09746971199715405,0.0,0.38025121400278294,1,foreground_density_below_development_median;missing_discount_above_development_median;sequence_confidence_above_development_median,descriptive median direction for globally important features; not causal
cord-v2-test-00038,RETROSPECTIVE_LOCKED_BENCHMARK,False,False,0.0,0.012310564517974854,0.31231056451797484,0.4605422891057291,0.10405220991822192,0.2804328562899268,1.7792711240035715,9,foreground_density_above_development_median;missing_discount_above_development_median;sequence_confidence_below_development_median,descriptive median direction for globally important features; not causal
cord-v2-test-00039,RETROSPECTIVE_LOCKED_BENCHMARK,True,True,1.0,0.24200314283370972,0.24200314283370972,0.3450520395591404,0.10115032012244383,0.14285714285714285,0.32128752000062377,0,foreground_density_below_development_median;missing_discount_above_development_median;sequence_confidence_below_development_median,descriptive median direction for globally important features; not causal
cord-v2-test-00040,RETROSPECTIVE_LOCKED_BENCHMARK,True,True,0.375,0.046981096267700195,0.046981096267700195,0.3146414990267551,0.10039823984957541,0.14285714285714285,0.7603418179969594,2,foreground_density_above_development_median;missing_discount_above_development_median;sequence_confidence_below_development_median,descriptive median direction for globally important features; not causal
cord-v2-test-00041,RETROSPECTIVE_LOCKED_BENCHMARK,True,True,0.4251968503937008,0.022782206535339355,0.32278220653533934,0.5585025958086206,0.10657106501086847,0.5,1.8595497950009303,10,foreground_density_above_development_median;missing_discount_above_development_median;sequence_confidence_below_development_median,descriptive median direction for globally important features; not causal
cord-v2-test-00042,RETROSPECTIVE_LOCKED_BENCHMARK,True,False,0.17647058823529413,0.0028630495071411133,0.0028630495071411133,0.19426202330867598,0.09746971199715405,0.0,0.5855041550021269,1,foreground_density_above_development_median;missing_discount_above_development_median;sequence_confidence_above_development_median,descriptive median direction for globally important features; not causal
cord-v2-test-00043,RETROSPECTIVE_LOCKED_BENCHMARK,False,False,0.0,0.01936417818069458,0.31936417818069457,0.6191360552058423,0.108156913814518,0.5,0.8158206789994438,1,foreground_density_above_development_median;missing_discount_above_development_median;sequence_confidence_below_development_median,descriptive median direction for globally important features; not causal
cord-v2-test-00044,RETROSPECTIVE_LOCKED_BENCHMARK,True,True,0.38095238095238093,0.0025487542152404785,0.0025487542152404785,0.15712068250091363,0.09658165590951029,0.0,0.2801781039997877,1,foreground_density_above_development_median;missing_discount_above_development_median;sequence_confidence_above_development_median,descriptive median direction for globally important features; not causal
cord-v2-test-00045,RETROSPECTIVE_LOCKED_BENCHMARK,True,False,0.18518518518518517,0.0002580881118774414,0.0002580881118774414,0.19426202330867598,0.09746971199715405,0.0,0.9577356310001051,4,foreground_density_above_development_median;missing_discount_above_development_median;sequence_confidence_above_development_median,descriptive median direction for globally important features; not causal
cord-v2-test-00046,RETROSPECTIVE_LOCKED_BENCHMARK,False,False,0.0,0.008580327033996582,0.008580327033996582,0.19426202330867598,0.09746971199715405,0.0,1.0569466609995288,2,foreground_density_above_development_median;missing_discount_above_development_median;sequence_confidence_below_development_median,descriptive median direction for globally important features; not causal
cord-v2-test-00047,RETROSPECTIVE_LOCKED_BENCHMARK,True,True,0.2916666666666667,0.020100533962249756,0.020100533962249756,0.3146414990267551,0.10039823984957541,0.14285714285714285,2.1542905009991955,3,foreground_density_below_development_median;missing_discount_above_development_median;sequence_confidence_below_development_median,descriptive median direction for globally important features; not causal
cord-v2-test-00048,RETROSPECTIVE_LOCKED_BENCHMARK,False,False,0.0,0.0027099251747131348,0.0027099251747131348,0.19426202330867598,0.09746971199715405,0.0,2.3178968659995007,1,foreground_density_below_development_median;missing_discount_above_development_median;sequence_confidence_above_development_median,descriptive median direction for globally important features; not causal
cord-v2-test-00049,RETROSPECTIVE_LOCKED_BENCHMARK,False,False,0.0,0.003384530544281006,0.003384530544281006,0.19426202330867598,0.09746971199715405,0.0,0.820867542999622,2,foreground_density_below_development_median;missing_discount_above_development_median;sequence_confidence_above_development_median,descriptive median direction for globally important features; not causal
cord-v2-test-00050,RETROSPECTIVE_LOCKED_BENCHMARK,False,False,0.0,0.0005655884742736816,0.0005655884742736816,0.19426202330867598,0.09746971199715405,0.0,0.620866228997329,1,foreground_density_below_development_median;missing_discount_above_development_median;sequence_confidence_above_development_median,descriptive median direction for globally important features; not causal
cord-v2-test-00051,RETROSPECTIVE_LOCKED_BENCHMARK,True,True,0.4215686274509804,0.03910785913467407,0.03910785913467407,0.6191360552058423,0.108156913814518,0.5,4.285091560999717,4,foreground_density_above_development_median;missing_discount_above_development_median;sequence_confidence_below_development_median,descriptive median direction for globally important features; not causal
cord-v2-test-00052,RETROSPECTIVE_LOCKED_BENCHMARK,False,False,0.0,0.0002652406692504883,0.0002652406692504883,0.19426202330867598,0.09746971199715405,0.0,0.6721474240002863,2,foreground_density_above_development_median;missing_discount_above_development_median;sequence_confidence_above_development_median,descriptive median direction for globally important features; not causal
cord-v2-test-00053,RETROSPECTIVE_LOCKED_BENCHMARK,False,False,0.0,0.0019216537475585938,0.3019216537475586,0.19426202330867598,0.09746971199715405,0.0,1.505937632999121,3,foreground_density_above_development_median;missing_discount_above_development_median;sequence_confidence_above_development_median,descriptive median direction for globally important features; not causal
cord-v2-test-00054,RETROSPECTIVE_LOCKED_BENCHMARK,False,False,0.0,5.8770179748535156e-05,5.8770179748535156e-05,0.19426202330867598,0.09746971199715405,0.0,0.7177752560019144,1,foreground_density_below_development_median;missing_discount_above_development_median;sequence_confidence_above_development_median,descriptive median direction for globally important features; not causal
cord-v2-test-00055,RETROSPECTIVE_LOCKED_BENCHMARK,False,False,0.0,5.0127506256103516e-05,5.0127506256103516e-05,0.19426202330867598,0.09746971199715405,0.0,0.6674269239993009,2,foreground_density_below_development_median;missing_discount_above_development_median;sequence_confidence_above_development_median,descriptive median direction for globally important features; not causal
cord-v2-test-00056,RETROSPECTIVE_LOCKED_BENCHMARK,False,False,0.0,8.189678192138672e-05,8.189678192138672e-05,0.19426202330867598,0.09746971199715405,0.0,0.9315763369995693,1,foreground_density_below_development_median;missing_discount_above_development_median;sequence_confidence_above_development_median,descriptive median direction for globally important features; not causal
cord-v2-test-00057,RETROSPECTIVE_LOCKED_BENCHMARK,True,True,0.6923076923076923,0.007061600685119629,0.007061600685119629,0.15712068250091363,0.09658165590951029,0.0,0.35299595299875364,1,foreground_density_below_development_median;missing_discount_above_development_median;sequence_confidence_below_development_median,descriptive median direction for globally important features; not causal
cord-v2-test-00058,RETROSPECTIVE_LOCKED_BENCHMARK,True,True,0.23529411764705882,0.0064961910247802734,0.0064961910247802734,0.339345038349204,0.10100880073192806,0.14285714285714285,1.6532095959992148,1,foreground_density_above_development_median;missing_discount_above_development_median;sequence_confidence_below_development_median,descriptive median direction for globally important features; not causal
cord-v2-test-00059,RETROSPECTIVE_LOCKED_BENCHMARK,False,False,0.0,0.014191269874572754,0.014191269874572754,0.37105057872427183,0.10179724772163075,0.14285714285714285,4.022836727999675,9,foreground_density_above_development_median;missing_discount_above_development_median;sequence_confidence_below_development_median,descriptive median direction for globally important features; not causal
cord-v2-test-00060,RETROSPECTIVE_LOCKED_BENCHMARK,True,True,0.2361111111111111,0.02117156982421875,0.32117156982421874,0.3146414990267551,0.10039823984957541,0.14285714285714285,1.2159605050001119,3,foreground_density_below_development_median;missing_discount_above_development_median;sequence_confidence_below_development_median,descriptive median direction for globally important features; not causal
cord-v2-test-00061,RETROSPECTIVE_LOCKED_BENCHMARK,True,True,0.183206106870229,0.009318172931671143,0.009318172931671143,0.4605422891057291,0.10405220991822192,0.2804328562899268,5.437606724000943,6,foreground_density_above_development_median;missing_discount_above_development_median;sequence_confidence_below_development_median,descriptive median direction for globally important features; not causal
cord-v2-test-00062,RETROSPECTIVE_LOCKED_BENCHMARK,False,False,0.0,0.0014423131942749023,0.0014423131942749023,0.19426202330867598,0.09746971199715405,0.0,1.906398041999637,2,foreground_density_below_development_median;missing_discount_above_development_median;sequence_confidence_above_development_median,descriptive median direction for globally important features; not causal
cord-v2-test-00063,RETROSPECTIVE_LOCKED_BENCHMARK,True,True,0.34545454545454546,0.03431743383407593,0.03431743383407593,0.3146414990267551,0.10039823984957541,0.14285714285714285,3.0127188929982367,3,foreground_density_below_development_median;missing_discount_above_development_median;sequence_confidence_below_development_median,descriptive median direction for globally important features; not causal
cord-v2-test-00064,RETROSPECTIVE_LOCKED_BENCHMARK,False,False,0.0,0.006228148937225342,0.006228148937225342,0.19426202330867598,0.09746971199715405,0.0,1.9895214449970808,1,foreground_density_below_development_median;missing_discount_above_development_median;sequence_confidence_below_development_median,descriptive median direction for globally important features; not causal
cord-v2-test-00065,RETROSPECTIVE_LOCKED_BENCHMARK,True,False,0.21428571428571427,0.06924980878829956,0.06924980878829956,0.5585025958086206,0.10657106501086847,0.5,0.9269357439989108,1,foreground_density_above_development_median;missing_discount_above_development_median;sequence_confidence_below_development_median,descriptive median direction for globally important features; not causal
cord-v2-test-00066,RETROSPECTIVE_LOCKED_BENCHMARK,False,False,0.0,0.0007475614547729492,0.0007475614547729492,0.39916261792623675,0.10250089158891548,0.14285714285714285,0.7987396669996087,2,foreground_density_above_development_median;missing_discount_above_development_median;sequence_confidence_above_development_median,descriptive median direction for globally important features; not causal
cord-v2-test-00067,RETROSPECTIVE_LOCKED_BENCHMARK,False,False,0.10344827586206896,0.030531883239746094,0.030531883239746094,0.6191360552058423,0.108156913814518,0.5,0.5973407519995817,1,foreground_density_above_development_median;missing_discount_above_development_median;sequence_confidence_below_development_median,descriptive median direction for globally important features; not causal
cord-v2-test-00068,RETROSPECTIVE_LOCKED_BENCHMARK,False,False,0.0,0.018600881099700928,0.018600881099700928,0.26196756913358904,0.09910731638318093,0.0,1.3544927749971976,1,foreground_density_above_development_median;missing_discount_above_development_median;sequence_confidence_below_development_median,descriptive median direction for globally important features; not causal
cord-v2-test-00069,RETROSPECTIVE_LOCKED_BENCHMARK,False,False,0.0,0.0003819465637207031,0.0003819465637207031,0.39916261792623675,0.10250089158891548,0.14285714285714285,2.8291242090017477,3,foreground_density_above_development_median;missing_discount_above_development_median;sequence_confidence_above_development_median,descriptive median direction for globally important features; not causal
cord-v2-test-00070,RETROSPECTIVE_LOCKED_BENCHMARK,True,True,0.12903225806451613,0.0048274993896484375,0.3048274993896484,0.39916261792623675,0.10250089158891548,0.14285714285714285,8.478525579001143,8,foreground_density_above_development_median;missing_discount_above_development_median;sequence_confidence_below_development_median,descriptive median direction for globally important features; not causal
cord-v2-test-00071,RETROSPECTIVE_LOCKED_BENCHMARK,False,False,0.0,0.011539041996002197,0.011539041996002197,0.23653790533514427,0.09848939321579031,0.0,0.5036384189988894,1,foreground_density_below_development_median;missing_discount_above_development_median;sequence_confidence_below_development_median,descriptive median direction for globally important features; not causal
cord-v2-test-00072,RETROSPECTIVE_LOCKED_BENCHMARK,False,False,0.0,2.7954578399658203e-05,2.7954578399658203e-05,0.19426202330867598,0.09746971199715405,0.0,1.5438492280009086,1,foreground_density_below_development_median;missing_discount_above_development_median;sequence_confidence_above_development_median,descriptive median direction for globally important features; not causal
cord-v2-test-00073,RETROSPECTIVE_LOCKED_BENCHMARK,False,False,0.125,0.0030870437622070312,0.0030870437622070312,0.19426202330867598,0.09746971199715405,0.0,0.7533015890003298,2,foreground_density_below_development_median;missing_discount_above_development_median;sequence_confidence_above_development_median,descriptive median direction for globally important features; not causal
cord-v2-test-00074,RETROSPECTIVE_LOCKED_BENCHMARK,True,True,0.10666666666666667,0.02794325351715088,0.32794325351715087,0.37105057872427183,0.10179724772163075,0.14285714285714285,3.024659636001161,6,foreground_density_below_development_median;missing_discount_above_development_median;sequence_confidence_below_development_median,descriptive median direction for globally important features; not causal
cord-v2-test-00075,RETROSPECTIVE_LOCKED_BENCHMARK,False,False,0.0,0.00020384788513183594,0.00020384788513183594,0.19426202330867598,0.09746971199715405,0.0,5.271153434001462,6,foreground_density_above_development_median;missing_discount_above_development_median;sequence_confidence_above_development_median,descriptive median direction for globally important features; not causal
cord-v2-test-00076,RETROSPECTIVE_LOCKED_BENCHMARK,True,False,0.18867924528301888,0.02231884002685547,0.02231884002685547,0.26196756913358904,0.09910731638318093,0.0,2.181128501000785,4,foreground_density_below_development_median;missing_discount_above_development_median;sequence_confidence_below_development_median,descriptive median direction for globally important features; not causal
cord-v2-test-00077,RETROSPECTIVE_LOCKED_BENCHMARK,False,False,0.0,0.0014023780822753906,0.0014023780822753906,0.19426202330867598,0.09746971199715405,0.0,0.4515549120005744,1,foreground_density_below_development_median;missing_discount_above_development_median;sequence_confidence_above_development_median,descriptive median direction for globally important features; not causal
cord-v2-test-00078,RETROSPECTIVE_LOCKED_BENCHMARK,True,True,0.25,0.0063855648040771484,0.0063855648040771484,0.39916261792623675,0.10250089158891548,0.14285714285714285,1.8791750889977266,1,foreground_density_above_development_median;missing_discount_above_development_median;sequence_confidence_below_development_median,descriptive median direction for globally important features; not causal
cord-v2-test-00079,RETROSPECTIVE_LOCKED_BENCHMARK,False,False,0.125,0.0007520318031311035,0.0007520318031311035,0.19426202330867598,0.09746971199715405,0.0,1.2819431729985808,2,foreground_density_below_development_median;missing_discount_above_development_median;sequence_confidence_above_development_median,descriptive median direction for globally important features; not causal
cord-v2-test-00080,RETROSPECTIVE_LOCKED_BENCHMARK,True,True,0.2857142857142857,3.0934810638427734e-05,3.0934810638427734e-05,0.23653790533514427,0.09848939321579031,0.0,0.5695753679974587,1,foreground_density_below_development_median;missing_discount_above_development_median;sequence_confidence_above_development_median,descriptive median direction for globally important features; not causal
cord-v2-test-00081,RETROSPECTIVE_LOCKED_BENCHMARK,False,False,0.08955223880597014,0.013000190258026123,0.013000190258026123,0.3146414990267551,0.10039823984957541,0.14285714285714285,2.6332429940011934,3,foreground_density_below_development_median;missing_discount_above_development_median;sequence_confidence_below_development_median,descriptive median direction for globally important features; not causal
cord-v2-test-00082,RETROSPECTIVE_LOCKED_BENCHMARK,False,False,0.0,0.00023114681243896484,0.00023114681243896484,0.4605422891057291,0.10405220991822192,0.2804328562899268,3.072581029999128,3,foreground_density_above_development_median;missing_discount_above_development_median;sequence_confidence_above_development_median,descriptive median direction for globally important features; not causal
cord-v2-test-00083,RETROSPECTIVE_LOCKED_BENCHMARK,True,False,0.5,0.026782751083374023,0.026782751083374023,0.3146414990267551,0.10039823984957541,0.14285714285714285,2.4375026480011,1,foreground_density_below_development_median;missing_discount_above_development_median;sequence_confidence_below_development_median,descriptive median direction for globally important features; not causal
cord-v2-test-00084,RETROSPECTIVE_LOCKED_BENCHMARK,True,True,0.4426229508196721,0.01750844717025757,0.01750844717025757,0.4944572870970085,0.10491825535974518,0.3564495562014869,2.104307294001046,1,foreground_density_above_development_median;missing_discount_above_development_median;sequence_confidence_below_development_median,descriptive median direction for globally important features; not causal
cord-v2-test-00085,RETROSPECTIVE_LOCKED_BENCHMARK,False,False,0.0,0.016621649265289307,0.016621649265289307,0.3146414990267551,0.10039823984957541,0.14285714285714285,3.6898389600028167,11,foreground_density_above_development_median;missing_discount_above_development_median;sequence_confidence_below_development_median,descriptive median direction for globally important features; not causal
cord-v2-test-00086,RETROSPECTIVE_LOCKED_BENCHMARK,False,False,0.0,0.0001571178436279297,0.0001571178436279297,0.23653790533514427,0.09848939321579031,0.0,2.003000778000569,2,foreground_density_below_development_median;missing_discount_above_development_median;sequence_confidence_above_development_median,descriptive median direction for globally important features; not causal
cord-v2-test-00087,RETROSPECTIVE_LOCKED_BENCHMARK,False,False,0.0,0.01749598979949951,0.01749598979949951,0.3146414990267551,0.10039823984957541,0.14285714285714285,1.1872326269985933,1,foreground_density_below_development_median;missing_discount_above_development_median;sequence_confidence_below_development_median,descriptive median direction for globally important features; not causal
cord-v2-test-00088,RETROSPECTIVE_LOCKED_BENCHMARK,False,False,0.0,0.00785839557647705,0.00785839557647705,0.19426202330867598,0.09746971199715405,0.0,1.4223083580000093,2,foreground_density_below_development_median;missing_discount_above_development_median;sequence_confidence_below_development_median,descriptive median direction for globally important features; not causal
cord-v2-test-00089,RETROSPECTIVE_LOCKED_BENCHMARK,False,False,0.0,0.005292296409606934,0.005292296409606934,0.19426202330867598,0.09746971199715405,0.0,2.5731651480018627,1,foreground_density_above_development_median;missing_discount_above_development_median;sequence_confidence_below_development_median,descriptive median direction for globally important features; not causal
cord-v2-test-00090,RETROSPECTIVE_LOCKED_BENCHMARK,False,False,0.0,0.00015479326248168945,0.00015479326248168945,0.19426202330867598,0.09746971199715405,0.0,1.0434786379992147,1,foreground_density_below_development_median;missing_discount_above_development_median;sequence_confidence_above_development_median,descriptive median direction for globally important features; not causal
cord-v2-test-00091,RETROSPECTIVE_LOCKED_BENCHMARK,True,True,0.8125,0.008966326713562012,0.008966326713562012,0.23653790533514427,0.09848939321579031,0.0,1.0128755329969863,2,foreground_density_below_development_median;missing_discount_above_development_median;sequence_confidence_below_development_median,descriptive median direction for globally important features; not causal
cord-v2-test-00092,RETROSPECTIVE_LOCKED_BENCHMARK,False,False,0.0,0.01741081476211548,0.01741081476211548,0.3146414990267551,0.10039823984957541,0.14285714285714285,1.0799332749993482,1,foreground_density_below_development_median;missing_discount_above_development_median;sequence_confidence_below_development_median,descriptive median direction for globally important features; not causal
cord-v2-test-00093,RETROSPECTIVE_LOCKED_BENCHMARK,False,False,0.0,6.699562072753906e-05,6.699562072753906e-05,0.39916261792623675,0.10250089158891548,0.14285714285714285,1.5679640540001856,1,foreground_density_above_development_median;missing_discount_above_development_median;sequence_confidence_above_development_median,descriptive median direction for globally important features; not causal
cord-v2-test-00094,RETROSPECTIVE_LOCKED_BENCHMARK,True,True,0.5986394557823129,0.09894794225692749,0.3989479422569275,0.37105057872427183,0.10179724772163075,0.14285714285714285,6.576275971001451,12,foreground_density_below_development_median;missing_discount_above_development_median;sequence_confidence_below_development_median,descriptive median direction for globally important features; not causal
cord-v2-test-00095,RETROSPECTIVE_LOCKED_BENCHMARK,True,True,0.5081967213114754,0.009352922439575195,0.009352922439575195,0.15712068250091363,0.09658165590951029,0.0,0.8669277430017246,2,foreground_density_below_development_median;missing_discount_above_development_median;sequence_confidence_below_development_median,descriptive median direction for globally important features; not causal
cord-v2-test-00096,RETROSPECTIVE_LOCKED_BENCHMARK,False,False,0.0,0.006013274192810059,0.006013274192810059,0.23653790533514427,0.09848939321579031,0.0,2.78697846799696,1,foreground_density_above_development_median;missing_discount_above_development_median;sequence_confidence_below_development_median,descriptive median direction for globally important features; not causal
cord-v2-test-00097,RETROSPECTIVE_LOCKED_BENCHMARK,False,False,0.0,0.019051969051361084,0.019051969051361084,0.37105057872427183,0.10179724772163075,0.14285714285714285,0.92622460399798,3,foreground_density_below_development_median;missing_discount_above_development_median;sequence_confidence_below_development_median,descriptive median direction for globally important features; not causal
cord-v2-test-00098,RETROSPECTIVE_LOCKED_BENCHMARK,True,True,0.5522388059701493,0.07557505369186401,0.375575053691864,0.6191360552058423,0.108156913814518,0.5,3.2954514490011206,5,foreground_density_above_development_median;missing_discount_above_development_median;sequence_confidence_below_development_median,descriptive median direction for globally important features; not causal
cord-v2-test-00099,RETROSPECTIVE_LOCKED_BENCHMARK,True,False,0.05714285714285714,0.020923316478729248,0.020923316478729248,0.7032395642690323,0.11039092194708565,0.5,6.90800420999949,1,foreground_density_above_development_median;missing_discount_below_development_median;sequence_confidence_below_development_median,descriptive median direction for globally important features; not causal
